caminho_lockfile,pacote,versao,dependencia_direta,grupo_direto,dev,devOptional,optional,hasInstallScript
node_modules/@alloc/quick-lru,@alloc/quick-lru,5.3.0,False,,True,False,False,False
node_modules/@babel/code-frame,@babel/code-frame,7.29.7,False,,False,False,False,False
node_modules/@babel/generator,@babel/generator,7.29.8,False,,False,False,False,False
node_modules/@babel/generator/node_modules/@babel/parser,@babel/parser,7.29.8,False,,False,False,False,False
node_modules/@babel/helper-globals,@babel/helper-globals,7.29.7,False,,False,False,False,False
node_modules/@babel/helper-string-parser,@babel/helper-string-parser,7.29.7,False,,False,False,False,False
node_modules/@babel/helper-validator-identifier,@babel/helper-validator-identifier,7.29.7,False,,False,False,False,False
node_modules/@babel/parser,@babel/parser,7.29.2,False,,False,False,False,False
node_modules/@babel/template,@babel/template,7.29.7,False,,False,False,False,False
node_modules/@babel/template/node_modules/@babel/parser,@babel/parser,7.29.8,False,,False,False,False,False
node_modules/@babel/traverse,@babel/traverse,7.29.0,False,,False,False,False,False
node_modules/@babel/types,@babel/types,7.29.8,False,,False,False,False,False
node_modules/@drizzle-team/brocli,@drizzle-team/brocli,0.10.2,False,,True,False,False,False
node_modules/@ecies/ciphers,@ecies/ciphers,0.2.6,False,,True,False,False,False
node_modules/@emnapi/core,@emnapi/core,1.10.0,False,,True,False,True,False
node_modules/@emnapi/runtime,@emnapi/runtime,1.11.3,False,,False,False,True,False
node_modules/@emnapi/wasi-threads,@emnapi/wasi-threads,1.2.1,False,,True,False,True,False
node_modules/@esbuild-kit/core-utils,@esbuild-kit/core-utils,3.3.2,False,,True,False,False,False
node_modules/@esbuild-kit/core-utils/node_modules/@esbuild/android-arm,@esbuild/android-arm,0.18.20,False,,True,False,True,False
node_modules/@esbuild-kit/core-utils/node_modules/@esbuild/android-arm64,@esbuild/android-arm64,0.18.20,False,,True,False,True,False
node_modules/@esbuild-kit/core-utils/node_modules/@esbuild/android-x64,@esbuild/android-x64,0.18.20,False,,True,False,True,False
node_modules/@esbuild-kit/core-utils/node_modules/@esbuild/darwin-arm64,@esbuild/darwin-arm64,0.18.20,False,,True,False,True,False
node_modules/@esbuild-kit/core-utils/node_modules/@esbuild/darwin-x64,@esbuild/darwin-x64,0.18.20,False,,True,False,True,False
node_modules/@esbuild-kit/core-utils/node_modules/@esbuild/freebsd-arm64,@esbuild/freebsd-arm64,0.18.20,False,,True,False,True,False
node_modules/@esbuild-kit/core-utils/node_modules/@esbuild/freebsd-x64,@esbuild/freebsd-x64,0.18.20,False,,True,False,True,False
node_modules/@esbuild-kit/core-utils/node_modules/@esbuild/linux-arm,@esbuild/linux-arm,0.18.20,False,,True,False,True,False
node_modules/@esbuild-kit/core-utils/node_modules/@esbuild/linux-arm64,@esbuild/linux-arm64,0.18.20,False,,True,False,True,False
node_modules/@esbuild-kit/core-utils/node_modules/@esbuild/linux-ia32,@esbuild/linux-ia32,0.18.20,False,,True,False,True,False
node_modules/@esbuild-kit/core-utils/node_modules/@esbuild/linux-loong64,@esbuild/linux-loong64,0.18.20,False,,True,False,True,False
node_modules/@esbuild-kit/core-utils/node_modules/@esbuild/linux-mips64el,@esbuild/linux-mips64el,0.18.20,False,,True,False,True,False
node_modules/@esbuild-kit/core-utils/node_modules/@esbuild/linux-ppc64,@esbuild/linux-ppc64,0.18.20,False,,True,False,True,False
node_modules/@esbuild-kit/core-utils/node_modules/@esbuild/linux-riscv64,@esbuild/linux-riscv64,0.18.20,False,,True,False,True,False
node_modules/@esbuild-kit/core-utils/node_modules/@esbuild/linux-s390x,@esbuild/linux-s390x,0.18.20,False,,True,False,True,False
node_modules/@esbuild-kit/core-utils/node_modules/@esbuild/linux-x64,@esbuild/linux-x64,0.18.20,False,,True,False,True,False
node_modules/@esbuild-kit/core-utils/node_modules/@esbuild/netbsd-x64,@esbuild/netbsd-x64,0.18.20,False,,True,False,True,False
node_modules/@esbuild-kit/core-utils/node_modules/@esbuild/openbsd-x64,@esbuild/openbsd-x64,0.18.20,False,,True,False,True,False
node_modules/@esbuild-kit/core-utils/node_modules/@esbuild/sunos-x64,@esbuild/sunos-x64,0.18.20,False,,True,False,True,False
node_modules/@esbuild-kit/core-utils/node_modules/@esbuild/win32-arm64,@esbuild/win32-arm64,0.18.20,False,,True,False,True,False
node_modules/@esbuild-kit/core-utils/node_modules/@esbuild/win32-ia32,@esbuild/win32-ia32,0.18.20,False,,True,False,True,False
node_modules/@esbuild-kit/core-utils/node_modules/@esbuild/win32-x64,@esbuild/win32-x64,0.18.20,False,,True,False,True,False
node_modules/@esbuild-kit/core-utils/node_modules/esbuild,esbuild,0.18.20,False,,True,False,False,True
node_modules/@esbuild-kit/esm-loader,@esbuild-kit/esm-loader,2.6.5,False,,True,False,False,False
node_modules/@esbuild/aix-ppc64,@esbuild/aix-ppc64,0.28.2,False,,False,False,True,False
node_modules/@esbuild/android-arm,@esbuild/android-arm,0.28.2,False,,False,False,True,False
node_modules/@esbuild/android-arm64,@esbuild/android-arm64,0.28.2,False,,False,False,True,False
node_modules/@esbuild/android-x64,@esbuild/android-x64,0.28.2,False,,False,False,True,False
node_modules/@esbuild/darwin-arm64,@esbuild/darwin-arm64,0.28.2,False,,False,False,True,False
node_modules/@esbuild/darwin-x64,@esbuild/darwin-x64,0.28.2,False,,False,False,True,False
node_modules/@esbuild/freebsd-arm64,@esbuild/freebsd-arm64,0.28.2,False,,False,False,True,False
node_modules/@esbuild/freebsd-x64,@esbuild/freebsd-x64,0.28.2,False,,False,False,True,False
node_modules/@esbuild/linux-arm,@esbuild/linux-arm,0.28.2,False,,False,False,True,False
node_modules/@esbuild/linux-arm64,@esbuild/linux-arm64,0.28.2,False,,False,False,True,False
node_modules/@esbuild/linux-ia32,@esbuild/linux-ia32,0.28.2,False,,False,False,True,False
node_modules/@esbuild/linux-loong64,@esbuild/linux-loong64,0.28.2,False,,False,False,True,False
node_modules/@esbuild/linux-mips64el,@esbuild/linux-mips64el,0.28.2,False,,False,False,True,False
node_modules/@esbuild/linux-ppc64,@esbuild/linux-ppc64,0.28.2,False,,False,False,True,False
node_modules/@esbuild/linux-riscv64,@esbuild/linux-riscv64,0.28.2,False,,False,False,True,False
node_modules/@esbuild/linux-s390x,@esbuild/linux-s390x,0.28.2,False,,False,False,True,False
node_modules/@esbuild/linux-x64,@esbuild/linux-x64,0.28.2,False,,False,False,True,False
node_modules/@esbuild/netbsd-arm64,@esbuild/netbsd-arm64,0.28.2,False,,False,False,True,False
node_modules/@esbuild/netbsd-x64,@esbuild/netbsd-x64,0.28.2,False,,False,False,True,False
node_modules/@esbuild/openbsd-arm64,@esbuild/openbsd-arm64,0.28.2,False,,False,False,True,False
node_modules/@esbuild/openbsd-x64,@esbuild/openbsd-x64,0.28.2,False,,False,False,True,False
node_modules/@esbuild/openharmony-arm64,@esbuild/openharmony-arm64,0.28.2,False,,False,False,True,False
node_modules/@esbuild/sunos-x64,@esbuild/sunos-x64,0.28.2,False,,False,False,True,False
node_modules/@esbuild/win32-arm64,@esbuild/win32-arm64,0.28.2,False,,False,False,True,False
node_modules/@esbuild/win32-ia32,@esbuild/win32-ia32,0.28.2,False,,False,False,True,False
node_modules/@esbuild/win32-x64,@esbuild/win32-x64,0.28.2,False,,False,False,True,False
node_modules/@eslint-community/eslint-utils,@eslint-community/eslint-utils,4.10.1,False,,True,False,False,False
node_modules/@eslint-community/eslint-utils/node_modules/eslint-visitor-keys,eslint-visitor-keys,3.4.3,False,,True,False,False,False
node_modules/@eslint-community/regexpp,@eslint-community/regexpp,4.12.2,False,,True,False,False,False
node_modules/@eslint/config-array,@eslint/config-array,0.21.2,False,,True,False,False,False
node_modules/@eslint/config-helpers,@eslint/config-helpers,0.4.2,False,,True,False,False,False
node_modules/@eslint/core,@eslint/core,0.17.0,False,,True,False,False,False
node_modules/@eslint/eslintrc,@eslint/eslintrc,3.3.7,True,devDependencies,True,False,False,False
node_modules/@eslint/js,@eslint/js,9.39.5,False,,True,False,False,False
node_modules/@eslint/object-schema,@eslint/object-schema,2.1.7,False,,True,False,False,False
node_modules/@eslint/plugin-kit,@eslint/plugin-kit,0.4.1,False,,True,False,False,False
node_modules/@fast-csv/format,@fast-csv/format,4.3.5,False,,False,False,False,False
node_modules/@fast-csv/format/node_modules/@types/node,@types/node,14.18.63,False,,False,False,False,False
node_modules/@fast-csv/parse,@fast-csv/parse,4.3.6,False,,False,False,False,False
node_modules/@fast-csv/parse/node_modules/@types/node,@types/node,14.18.63,False,,False,False,False,False
node_modules/@humanfs/core,@humanfs/core,0.19.2,False,,True,False,False,False
node_modules/@humanfs/node,@humanfs/node,0.16.8,False,,True,False,False,False
node_modules/@humanfs/types,@humanfs/types,0.15.0,False,,True,False,False,False
node_modules/@humanwhocodes/module-importer,@humanwhocodes/module-importer,1.0.1,False,,True,False,False,False
node_modules/@humanwhocodes/retry,@humanwhocodes/retry,0.4.3,False,,True,False,False,False
node_modules/@img/colour,@img/colour,1.1.0,False,,False,False,False,False
node_modules/@img/sharp-darwin-arm64,@img/sharp-darwin-arm64,0.35.4,False,,False,False,True,False
node_modules/@img/sharp-darwin-x64,@img/sharp-darwin-x64,0.35.4,False,,False,False,True,False
node_modules/@img/sharp-freebsd-wasm32,@img/sharp-freebsd-wasm32,0.35.4,False,,False,False,True,False
node_modules/@img/sharp-libvips-darwin-arm64,@img/sharp-libvips-darwin-arm64,1.3.3,False,,False,False,True,False
node_modules/@img/sharp-libvips-darwin-x64,@img/sharp-libvips-darwin-x64,1.3.3,False,,False,False,True,False
node_modules/@img/sharp-libvips-linux-arm,@img/sharp-libvips-linux-arm,1.3.3,False,,False,False,True,False
node_modules/@img/sharp-libvips-linux-arm64,@img/sharp-libvips-linux-arm64,1.3.3,False,,False,False,True,False
node_modules/@img/sharp-libvips-linux-ppc64,@img/sharp-libvips-linux-ppc64,1.3.3,False,,False,False,True,False
node_modules/@img/sharp-libvips-linux-riscv64,@img/sharp-libvips-linux-riscv64,1.3.3,False,,False,False,True,False
node_modules/@img/sharp-libvips-linux-s390x,@img/sharp-libvips-linux-s390x,1.3.3,False,,False,False,True,False
node_modules/@img/sharp-libvips-linux-x64,@img/sharp-libvips-linux-x64,1.3.3,False,,False,False,True,False
node_modules/@img/sharp-libvips-linuxmusl-arm64,@img/sharp-libvips-linuxmusl-arm64,1.3.3,False,,False,False,True,False
node_modules/@img/sharp-libvips-linuxmusl-x64,@img/sharp-libvips-linuxmusl-x64,1.3.3,False,,False,False,True,False
node_modules/@img/sharp-linux-arm,@img/sharp-linux-arm,0.35.4,False,,False,False,True,False
node_modules/@img/sharp-linux-arm64,@img/sharp-linux-arm64,0.35.4,False,,False,False,True,False
node_modules/@img/sharp-linux-ppc64,@img/sharp-linux-ppc64,0.35.4,False,,False,False,True,False
node_modules/@img/sharp-linux-riscv64,@img/sharp-linux-riscv64,0.35.4,False,,False,False,True,False
node_modules/@img/sharp-linux-s390x,@img/sharp-linux-s390x,0.35.4,False,,False,False,True,False
node_modules/@img/sharp-linux-x64,@img/sharp-linux-x64,0.35.4,False,,False,False,True,False
node_modules/@img/sharp-linuxmusl-arm64,@img/sharp-linuxmusl-arm64,0.35.4,False,,False,False,True,False
node_modules/@img/sharp-linuxmusl-x64,@img/sharp-linuxmusl-x64,0.35.4,False,,False,False,True,False
node_modules/@img/sharp-wasm32,@img/sharp-wasm32,0.35.4,False,,False,False,True,False
node_modules/@img/sharp-webcontainers-wasm32,@img/sharp-webcontainers-wasm32,0.35.4,False,,False,False,True,False
node_modules/@img/sharp-win32-arm64,@img/sharp-win32-arm64,0.35.4,False,,False,False,True,False
node_modules/@img/sharp-win32-ia32,@img/sharp-win32-ia32,0.35.4,False,,False,False,True,False
node_modules/@img/sharp-win32-x64,@img/sharp-win32-x64,0.35.4,False,,False,False,True,False
node_modules/@jridgewell/gen-mapping,@jridgewell/gen-mapping,0.3.13,False,,False,False,False,False
node_modules/@jridgewell/remapping,@jridgewell/remapping,2.3.5,False,,True,False,False,False
node_modules/@jridgewell/resolve-uri,@jridgewell/resolve-uri,3.1.2,False,,False,False,False,False
node_modules/@jridgewell/sourcemap-codec,@jridgewell/sourcemap-codec,1.6.0,False,,False,False,False,False
node_modules/@jridgewell/trace-mapping,@jridgewell/trace-mapping,0.3.31,False,,False,False,False,False
node_modules/@napi-rs/wasm-runtime,@napi-rs/wasm-runtime,1.2.3,False,,True,False,True,False
node_modules/@next/env,@next/env,15.5.25,False,,False,False,False,False
node_modules/@next/eslint-plugin-next,@next/eslint-plugin-next,15.5.25,False,,True,False,False,False
node_modules/@next/swc-darwin-arm64,@next/swc-darwin-arm64,15.5.25,False,,False,False,True,False
node_modules/@next/swc-darwin-x64,@next/swc-darwin-x64,15.5.25,False,,False,False,True,False
node_modules/@next/swc-linux-arm64-gnu,@next/swc-linux-arm64-gnu,15.5.25,False,,False,False,True,False
node_modules/@next/swc-linux-arm64-musl,@next/swc-linux-arm64-musl,15.5.25,False,,False,False,True,False
node_modules/@next/swc-linux-x64-gnu,@next/swc-linux-x64-gnu,15.5.25,False,,False,False,True,False
node_modules/@next/swc-linux-x64-musl,@next/swc-linux-x64-musl,15.5.25,False,,False,False,True,False
node_modules/@next/swc-win32-arm64-msvc,@next/swc-win32-arm64-msvc,15.5.25,False,,False,False,True,False
node_modules/@next/swc-win32-x64-msvc,@next/swc-win32-x64-msvc,15.5.25,False,,False,False,True,False
node_modules/@noble/ciphers,@noble/ciphers,1.3.0,False,,True,False,False,False
node_modules/@noble/curves,@noble/curves,1.9.7,False,,True,False,False,False
node_modules/@noble/hashes,@noble/hashes,1.8.0,False,,True,False,False,False
node_modules/@nodelib/fs.scandir,@nodelib/fs.scandir,2.1.5,False,,True,False,False,False
node_modules/@nodelib/fs.stat,@nodelib/fs.stat,2.0.5,False,,True,False,False,False
node_modules/@nodelib/fs.walk,@nodelib/fs.walk,1.2.8,False,,True,False,False,False
node_modules/@nolyfill/is-core-module,@nolyfill/is-core-module,1.0.39,False,,True,False,False,False
node_modules/@oxc-project/types,@oxc-project/types,0.148.0,False,,True,False,False,False
node_modules/@pdf-lib/standard-fonts,@pdf-lib/standard-fonts,1.0.0,False,,False,False,False,False
node_modules/@pdf-lib/upng,@pdf-lib/upng,1.0.1,False,,False,False,False,False
node_modules/@playwright/test,@playwright/test,1.63.0,True,devDependencies,False,True,False,False
node_modules/@react-email/render,@react-email/render,2.1.0,False,,False,False,False,False
node_modules/@rolldown/binding-android-arm-eabi,@rolldown/binding-android-arm-eabi,1.2.7,False,,True,False,True,False
node_modules/@rolldown/binding-android-arm64,@rolldown/binding-android-arm64,1.2.7,False,,True,False,True,False
node_modules/@rolldown/binding-darwin-arm64,@rolldown/binding-darwin-arm64,1.2.7,False,,True,False,True,False
node_modules/@rolldown/binding-darwin-x64,@rolldown/binding-darwin-x64,1.2.7,False,,True,False,True,False
node_modules/@rolldown/binding-freebsd-x64,@rolldown/binding-freebsd-x64,1.2.7,False,,True,False,True,False
node_modules/@rolldown/binding-linux-arm-gnueabihf,@rolldown/binding-linux-arm-gnueabihf,1.2.7,False,,True,False,True,False
node_modules/@rolldown/binding-linux-arm64-gnu,@rolldown/binding-linux-arm64-gnu,1.2.7,False,,True,False,True,False
node_modules/@rolldown/binding-linux-arm64-musl,@rolldown/binding-linux-arm64-musl,1.2.7,False,,True,False,True,False
node_modules/@rolldown/binding-linux-ppc64-gnu,@rolldown/binding-linux-ppc64-gnu,1.2.7,False,,True,False,True,False
node_modules/@rolldown/binding-linux-s390x-gnu,@rolldown/binding-linux-s390x-gnu,1.2.7,False,,True,False,True,False
node_modules/@rolldown/binding-linux-x64-gnu,@rolldown/binding-linux-x64-gnu,1.2.7,False,,True,False,True,False
node_modules/@rolldown/binding-linux-x64-musl,@rolldown/binding-linux-x64-musl,1.2.7,False,,True,False,True,False
node_modules/@rolldown/binding-openharmony-arm64,@rolldown/binding-openharmony-arm64,1.2.7,False,,True,False,True,False
node_modules/@rolldown/binding-win32-arm64-msvc,@rolldown/binding-win32-arm64-msvc,1.2.7,False,,True,False,True,False
node_modules/@rolldown/binding-win32-x64-msvc,@rolldown/binding-win32-x64-msvc,1.2.7,False,,True,False,True,False
node_modules/@rolldown/pluginutils,@rolldown/pluginutils,1.0.1,False,,True,False,False,False
node_modules/@rtsao/scc,@rtsao/scc,1.1.0,False,,True,False,False,False
node_modules/@rushstack/eslint-patch,@rushstack/eslint-patch,1.16.1,False,,True,False,False,False
node_modules/@selderee/plugin-htmlparser2,@selderee/plugin-htmlparser2,0.11.0,False,,False,False,False,False
node_modules/@socket.io/component-emitter,@socket.io/component-emitter,3.1.2,False,,False,False,False,False
node_modules/@stablelib/base64,@stablelib/base64,1.0.1,False,,False,False,False,False
node_modules/@supabase/auth-js,@supabase/auth-js,2.116.0,False,,False,False,False,False
node_modules/@supabase/cli-darwin-arm64,@supabase/cli-darwin-arm64,2.117.0,False,,True,False,True,False
node_modules/@supabase/cli-darwin-x64,@supabase/cli-darwin-x64,2.117.0,False,,True,False,True,False
node_modules/@supabase/cli-linux-arm64,@supabase/cli-linux-arm64,2.117.0,False,,True,False,True,False
node_modules/@supabase/cli-linux-arm64-musl,@supabase/cli-linux-arm64-musl,2.117.0,False,,True,False,True,False
node_modules/@supabase/cli-linux-x64,@supabase/cli-linux-x64,2.117.0,False,,True,False,True,False
node_modules/@supabase/cli-linux-x64-musl,@supabase/cli-linux-x64-musl,2.117.0,False,,True,False,True,False
node_modules/@supabase/cli-windows-arm64,@supabase/cli-windows-arm64,2.117.0,False,,True,False,True,False
node_modules/@supabase/cli-windows-x64,@supabase/cli-windows-x64,2.117.0,False,,True,False,True,False
node_modules/@supabase/functions-js,@supabase/functions-js,2.116.0,False,,False,False,False,False
node_modules/@supabase/phoenix,@supabase/phoenix,0.4.5,False,,False,False,False,False
node_modules/@supabase/postgrest-js,@supabase/postgrest-js,2.116.0,False,,False,False,False,False
node_modules/@supabase/realtime-js,@supabase/realtime-js,2.116.0,False,,False,False,False,False
node_modules/@supabase/ssr,@supabase/ssr,0.12.6,True,dependencies,False,False,False,False
node_modules/@supabase/storage-js,@supabase/storage-js,2.116.0,False,,False,False,False,False
node_modules/@supabase/supabase-js,@supabase/supabase-js,2.116.0,True,dependencies,False,False,False,False
node_modules/@swc/helpers,@swc/helpers,0.5.15,False,,False,False,False,False
node_modules/@tailwindcss/node,@tailwindcss/node,4.3.3,False,,True,False,False,False
node_modules/@tailwindcss/oxide,@tailwindcss/oxide,4.3.3,False,,True,False,False,False
node_modules/@tailwindcss/oxide-android-arm64,@tailwindcss/oxide-android-arm64,4.3.3,False,,True,False,True,False
node_modules/@tailwindcss/oxide-darwin-arm64,@tailwindcss/oxide-darwin-arm64,4.3.3,False,,True,False,True,False
node_modules/@tailwindcss/oxide-darwin-x64,@tailwindcss/oxide-darwin-x64,4.3.3,False,,True,False,True,False
node_modules/@tailwindcss/oxide-freebsd-x64,@tailwindcss/oxide-freebsd-x64,4.3.3,False,,True,False,True,False
node_modules/@tailwindcss/oxide-linux-arm-gnueabihf,@tailwindcss/oxide-linux-arm-gnueabihf,4.3.3,False,,True,False,True,False
node_modules/@tailwindcss/oxide-linux-arm64-gnu,@tailwindcss/oxide-linux-arm64-gnu,4.3.3,False,,True,False,True,False
node_modules/@tailwindcss/oxide-linux-arm64-musl,@tailwindcss/oxide-linux-arm64-musl,4.3.3,False,,True,False,True,False
node_modules/@tailwindcss/oxide-linux-x64-gnu,@tailwindcss/oxide-linux-x64-gnu,4.3.3,False,,True,False,True,False
node_modules/@tailwindcss/oxide-linux-x64-musl,@tailwindcss/oxide-linux-x64-musl,4.3.3,False,,True,False,True,False
node_modules/@tailwindcss/oxide-wasm32-wasi,@tailwindcss/oxide-wasm32-wasi,4.3.3,False,,True,False,True,False
node_modules/@tailwindcss/oxide-win32-arm64-msvc,@tailwindcss/oxide-win32-arm64-msvc,4.3.3,False,,True,False,True,False
node_modules/@tailwindcss/oxide-win32-x64-msvc,@tailwindcss/oxide-win32-x64-msvc,4.3.3,False,,True,False,True,False
node_modules/@tailwindcss/postcss,@tailwindcss/postcss,4.3.3,True,devDependencies,True,False,False,False
node_modules/@tybys/wasm-util,@tybys/wasm-util,0.10.3,False,,True,False,True,False
node_modules/@types/chai,@types/chai,5.2.3,False,,True,False,False,False
node_modules/@types/cors,@types/cors,2.8.19,False,,False,False,False,False
node_modules/@types/deep-eql,@types/deep-eql,4.0.2,False,,True,False,False,False
node_modules/@types/estree,@types/estree,1.0.9,False,,True,False,False,False
node_modules/@types/json-schema,@types/json-schema,7.0.15,False,,True,False,False,False
node_modules/@types/json5,@types/json5,0.0.29,False,,True,False,False,False
node_modules/@types/node,@types/node,22.20.1,True,devDependencies,False,False,False,False
node_modules/@types/react,@types/react,19.2.18,True,devDependencies,True,False,False,False
node_modules/@types/react-dom,@types/react-dom,19.2.7,True,devDependencies,True,False,False,False
node_modules/@types/ws,@types/ws,8.18.1,False,,False,False,False,False
node_modules/@typescript-eslint/eslint-plugin,@typescript-eslint/eslint-plugin,8.70.0,False,,True,False,False,False
node_modules/@typescript-eslint/eslint-plugin/node_modules/ignore,ignore,7.0.8,False,,True,False,False,False
node_modules/@typescript-eslint/parser,@typescript-eslint/parser,8.70.0,False,,True,False,False,False
node_modules/@typescript-eslint/project-service,@typescript-eslint/project-service,8.70.0,False,,True,False,False,False
node_modules/@typescript-eslint/scope-manager,@typescript-eslint/scope-manager,8.70.0,False,,True,False,False,False
node_modules/@typescript-eslint/tsconfig-utils,@typescript-eslint/tsconfig-utils,8.70.0,False,,True,False,False,False
node_modules/@typescript-eslint/type-utils,@typescript-eslint/type-utils,8.70.0,False,,True,False,False,False
node_modules/@typescript-eslint/types,@typescript-eslint/types,8.70.0,False,,True,False,False,False
node_modules/@typescript-eslint/typescript-estree,@typescript-eslint/typescript-estree,8.70.0,False,,True,False,False,False
node_modules/@typescript-eslint/typescript-estree/node_modules/balanced-match,balanced-match,4.0.4,False,,True,False,False,False
node_modules/@typescript-eslint/typescript-estree/node_modules/brace-expansion,brace-expansion,5.0.9,False,,True,False,False,False
node_modules/@typescript-eslint/typescript-estree/node_modules/minimatch,minimatch,10.2.6,False,,True,False,False,False
node_modules/@typescript-eslint/utils,@typescript-eslint/utils,8.70.0,False,,True,False,False,False
node_modules/@typescript-eslint/visitor-keys,@typescript-eslint/visitor-keys,8.70.0,False,,True,False,False,False
node_modules/@typescript-eslint/visitor-keys/node_modules/eslint-visitor-keys,eslint-visitor-keys,5.0.1,False,,True,False,False,False
node_modules/@unrs/resolver-binding-android-arm-eabi,@unrs/resolver-binding-android-arm-eabi,1.12.2,False,,True,False,True,False
node_modules/@unrs/resolver-binding-android-arm64,@unrs/resolver-binding-android-arm64,1.12.2,False,,True,False,True,False
node_modules/@unrs/resolver-binding-darwin-arm64,@unrs/resolver-binding-darwin-arm64,1.12.2,False,,True,False,True,False
node_modules/@unrs/resolver-binding-darwin-x64,@unrs/resolver-binding-darwin-x64,1.12.2,False,,True,False,True,False
node_modules/@unrs/resolver-binding-freebsd-x64,@unrs/resolver-binding-freebsd-x64,1.12.2,False,,True,False,True,False
node_modules/@unrs/resolver-binding-linux-arm-gnueabihf,@unrs/resolver-binding-linux-arm-gnueabihf,1.12.2,False,,True,False,True,False
node_modules/@unrs/resolver-binding-linux-arm-musleabihf,@unrs/resolver-binding-linux-arm-musleabihf,1.12.2,False,,True,False,True,False
node_modules/@unrs/resolver-binding-linux-arm64-gnu,@unrs/resolver-binding-linux-arm64-gnu,1.12.2,False,,True,False,True,False
node_modules/@unrs/resolver-binding-linux-arm64-musl,@unrs/resolver-binding-linux-arm64-musl,1.12.2,False,,True,False,True,False
node_modules/@unrs/resolver-binding-linux-loong64-gnu,@unrs/resolver-binding-linux-loong64-gnu,1.12.2,False,,True,False,True,False
node_modules/@unrs/resolver-binding-linux-loong64-musl,@unrs/resolver-binding-linux-loong64-musl,1.12.2,False,,True,False,True,False
node_modules/@unrs/resolver-binding-linux-ppc64-gnu,@unrs/resolver-binding-linux-ppc64-gnu,1.12.2,False,,True,False,True,False
node_modules/@unrs/resolver-binding-linux-riscv64-gnu,@unrs/resolver-binding-linux-riscv64-gnu,1.12.2,False,,True,False,True,False
node_modules/@unrs/resolver-binding-linux-riscv64-musl,@unrs/resolver-binding-linux-riscv64-musl,1.12.2,False,,True,False,True,False
node_modules/@unrs/resolver-binding-linux-s390x-gnu,@unrs/resolver-binding-linux-s390x-gnu,1.12.2,False,,True,False,True,False
node_modules/@unrs/resolver-binding-linux-x64-gnu,@unrs/resolver-binding-linux-x64-gnu,1.12.2,False,,True,False,True,False
node_modules/@unrs/resolver-binding-linux-x64-musl,@unrs/resolver-binding-linux-x64-musl,1.12.2,False,,True,False,True,False
node_modules/@unrs/resolver-binding-openharmony-arm64,@unrs/resolver-binding-openharmony-arm64,1.12.2,False,,True,False,True,False
node_modules/@unrs/resolver-binding-wasm32-wasi,@unrs/resolver-binding-wasm32-wasi,1.12.2,False,,True,False,True,False
node_modules/@unrs/resolver-binding-wasm32-wasi/node_modules/@emnapi/runtime,@emnapi/runtime,1.10.0,False,,True,False,True,False
node_modules/@unrs/resolver-binding-win32-arm64-msvc,@unrs/resolver-binding-win32-arm64-msvc,1.12.2,False,,True,False,True,False
node_modules/@unrs/resolver-binding-win32-ia32-msvc,@unrs/resolver-binding-win32-ia32-msvc,1.12.2,False,,True,False,True,False
node_modules/@unrs/resolver-binding-win32-x64-msvc,@unrs/resolver-binding-win32-x64-msvc,1.12.2,False,,True,False,True,False
node_modules/@vitest/mocker,@vitest/mocker,5.0.0,False,,True,False,False,False
node_modules/@vitest/mocker/node_modules/magic-string,magic-string,1.2.3,False,,True,False,False,False
node_modules/@vitest/spy,@vitest/spy,5.0.0,False,,True,False,False,False
node_modules/accepts,accepts,1.3.8,False,,False,False,False,False
node_modules/accepts/node_modules/mime-db,mime-db,1.52.0,False,,False,False,False,False
node_modules/accepts/node_modules/mime-types,mime-types,2.1.35,False,,False,False,False,False
node_modules/acorn,acorn,8.18.0,False,,True,False,False,False
node_modules/acorn-jsx,acorn-jsx,5.3.2,False,,True,False,False,False
node_modules/ajv,ajv,6.15.0,False,,True,False,False,False
node_modules/ajv-formats,ajv-formats,3.0.1,False,,False,False,False,False
node_modules/ajv-formats/node_modules/ajv,ajv,8.20.0,False,,False,False,False,False
node_modules/ajv-formats/node_modules/json-schema-traverse,json-schema-traverse,1.0.0,False,,False,False,False,False
node_modules/ansi-styles,ansi-styles,4.3.0,False,,True,False,False,False
node_modules/archiver,archiver,5.3.2,False,,False,False,False,False
node_modules/archiver-utils,archiver-utils,2.1.0,False,,False,False,False,False
node_modules/archiver-utils/node_modules/glob,glob,7.2.3,False,,False,False,False,False
node_modules/archiver-utils/node_modules/isarray,isarray,1.0.0,False,,False,False,False,False
node_modules/archiver-utils/node_modules/readable-stream,readable-stream,2.3.8,False,,False,False,False,False
node_modules/archiver-utils/node_modules/safe-buffer,safe-buffer,5.1.2,False,,False,False,False,False
node_modules/archiver-utils/node_modules/string_decoder,string_decoder,1.1.1,False,,False,False,False,False
node_modules/argparse,argparse,2.0.1,False,,True,False,False,False
node_modules/aria-query,aria-query,5.3.2,False,,True,False,False,False
node_modules/array-buffer-byte-length,array-buffer-byte-length,1.0.2,False,,True,False,False,False
node_modules/array-includes,array-includes,3.1.9,False,,True,False,False,False
node_modules/array.prototype.findlast,array.prototype.findlast,1.2.5,False,,True,False,False,False
node_modules/array.prototype.findlastindex,array.prototype.findlastindex,1.2.6,False,,True,False,False,False
node_modules/array.prototype.flat,array.prototype.flat,1.3.3,False,,True,False,False,False
node_modules/array.prototype.flatmap,array.prototype.flatmap,1.3.3,False,,True,False,False,False
node_modules/array.prototype.tosorted,array.prototype.tosorted,1.1.4,False,,True,False,False,False
node_modules/arraybuffer.prototype.slice,arraybuffer.prototype.slice,1.0.4,False,,True,False,False,False
node_modules/assertion-error,assertion-error,2.0.1,False,,True,False,False,False
node_modules/ast-types-flow,ast-types-flow,0.0.8,False,,True,False,False,False
node_modules/async,async,3.2.6,False,,False,False,False,False
node_modules/async-function,async-function,1.0.0,False,,True,False,False,False
node_modules/atomically,atomically,2.1.1,False,,False,False,False,False
node_modules/available-typed-arrays,available-typed-arrays,1.0.7,False,,True,False,False,False
node_modules/axe-core,axe-core,4.13.0,False,,True,False,False,False
node_modules/axobject-query,axobject-query,4.1.0,False,,True,False,False,False
node_modules/balanced-match,balanced-match,1.0.2,False,,False,False,False,False
node_modules/base64-js,base64-js,1.5.1,False,,False,False,False,False
node_modules/base64id,base64id,2.0.0,False,,False,False,False,False
node_modules/big-integer,big-integer,1.6.52,False,,False,False,False,False
node_modules/binary,binary,0.3.0,False,,False,False,False,False
node_modules/bl,bl,4.1.0,False,,False,False,False,False
node_modules/bluebird,bluebird,3.4.7,False,,False,False,False,False
node_modules/bmp-js,bmp-js,0.1.0,False,,False,False,False,False
node_modules/brace-expansion,brace-expansion,1.1.18,False,,False,False,False,False
node_modules/braces,braces,3.0.3,False,,True,False,False,False
node_modules/buffer,buffer,5.7.1,False,,False,False,False,False
node_modules/buffer-crc32,buffer-crc32,0.2.13,False,,False,False,False,False
node_modules/buffer-from,buffer-from,1.1.2,False,,True,False,False,False
node_modules/buffer-indexof-polyfill,buffer-indexof-polyfill,1.0.2,False,,False,False,False,False
node_modules/buffers,buffers,0.1.1,False,,False,False,False,False
node_modules/call-bind,call-bind,1.0.9,False,,True,False,False,False
node_modules/call-bind-apply-helpers,call-bind-apply-helpers,1.0.2,False,,True,False,False,False
node_modules/call-bound,call-bound,1.0.4,False,,True,False,False,False
node_modules/callsites,callsites,3.1.0,False,,True,False,False,False
node_modules/caniuse-lite,caniuse-lite,1.0.30001810,False,,False,False,False,False
node_modules/chai,chai,6.2.2,False,,True,False,False,False
node_modules/chainsaw,chainsaw,0.1.0,False,,False,False,False,False
node_modules/chalk,chalk,4.1.2,False,,True,False,False,False
node_modules/chokidar,chokidar,4.0.3,False,,False,False,False,False
node_modules/citty,citty,0.2.2,False,,False,False,False,False
node_modules/client-only,client-only,0.0.1,False,,False,False,False,False
node_modules/color-convert,color-convert,2.0.1,False,,True,False,False,False
node_modules/color-name,color-name,1.1.4,False,,True,False,False,False
node_modules/commander,commander,13.1.0,False,,False,False,False,False
node_modules/compress-commons,compress-commons,4.1.2,False,,False,False,False,False
node_modules/concat-map,concat-map,0.0.1,False,,False,False,False,False
node_modules/conf,conf,15.1.0,False,,False,False,False,False
node_modules/conf/node_modules/ajv,ajv,8.20.0,False,,False,False,False,False
node_modules/conf/node_modules/json-schema-traverse,json-schema-traverse,1.0.0,False,,False,False,False,False
node_modules/cookie,cookie,1.1.1,False,,False,False,False,False
node_modules/core-util-is,core-util-is,1.0.3,False,,False,False,False,False
node_modules/cors,cors,2.8.6,False,,False,False,False,False
node_modules/crc-32,crc-32,1.2.2,False,,False,False,False,False
node_modules/crc32-stream,crc32-stream,4.0.3,False,,False,False,False,False
node_modules/cross-spawn,cross-spawn,7.0.6,False,,True,False,False,False
node_modules/css-tree,css-tree,3.2.1,False,,False,False,False,False
node_modules/csstype,csstype,3.2.3,False,,True,False,False,False
node_modules/damerau-levenshtein,damerau-levenshtein,1.0.8,False,,True,False,False,False
node_modules/data-view-buffer,data-view-buffer,1.0.2,False,,True,False,False,False
node_modules/data-view-byte-length,data-view-byte-length,1.0.2,False,,True,False,False,False
node_modules/data-view-byte-offset,data-view-byte-offset,1.0.1,False,,True,False,False,False
node_modules/dayjs,dayjs,1.11.23,False,,False,False,False,False
node_modules/debounce,debounce,2.2.0,False,,False,False,False,False
node_modules/debounce-fn,debounce-fn,6.0.0,False,,False,False,False,False
node_modules/debug,debug,4.4.3,False,,False,False,False,False
node_modules/deep-is,deep-is,0.1.4,False,,True,False,False,False
node_modules/deepmerge,deepmerge,4.3.1,False,,False,False,False,False
node_modules/define-data-property,define-data-property,1.1.4,False,,True,False,False,False
node_modules/define-properties,define-properties,1.2.1,False,,True,False,False,False
node_modules/detect-libc,detect-libc,2.1.2,False,,False,False,False,False
node_modules/doctrine,doctrine,2.1.0,False,,True,False,False,False
node_modules/dom-serializer,dom-serializer,2.0.0,False,,False,False,False,False
node_modules/domelementtype,domelementtype,2.3.0,False,,False,False,False,False
node_modules/domhandler,domhandler,5.0.3,False,,False,False,False,False
node_modules/domutils,domutils,3.2.2,False,,False,False,False,False
node_modules/dot-prop,dot-prop,10.2.0,False,,False,False,False,False
node_modules/drizzle-kit,drizzle-kit,0.31.10,True,devDependencies,True,False,False,False
node_modules/drizzle-kit/node_modules/@esbuild/aix-ppc64,@esbuild/aix-ppc64,0.25.12,False,,True,False,True,False
node_modules/drizzle-kit/node_modules/@esbuild/android-arm,@esbuild/android-arm,0.25.12,False,,True,False,True,False
node_modules/drizzle-kit/node_modules/@esbuild/android-arm64,@esbuild/android-arm64,0.25.12,False,,True,False,True,False
node_modules/drizzle-kit/node_modules/@esbuild/android-x64,@esbuild/android-x64,0.25.12,False,,True,False,True,False
node_modules/drizzle-kit/node_modules/@esbuild/darwin-arm64,@esbuild/darwin-arm64,0.25.12,False,,True,False,True,False
node_modules/drizzle-kit/node_modules/@esbuild/darwin-x64,@esbuild/darwin-x64,0.25.12,False,,True,False,True,False
node_modules/drizzle-kit/node_modules/@esbuild/freebsd-arm64,@esbuild/freebsd-arm64,0.25.12,False,,True,False,True,False
node_modules/drizzle-kit/node_modules/@esbuild/freebsd-x64,@esbuild/freebsd-x64,0.25.12,False,,True,False,True,False
node_modules/drizzle-kit/node_modules/@esbuild/linux-arm,@esbuild/linux-arm,0.25.12,False,,True,False,True,False
node_modules/drizzle-kit/node_modules/@esbuild/linux-arm64,@esbuild/linux-arm64,0.25.12,False,,True,False,True,False
node_modules/drizzle-kit/node_modules/@esbuild/linux-ia32,@esbuild/linux-ia32,0.25.12,False,,True,False,True,False
node_modules/drizzle-kit/node_modules/@esbuild/linux-loong64,@esbuild/linux-loong64,0.25.12,False,,True,False,True,False
node_modules/drizzle-kit/node_modules/@esbuild/linux-mips64el,@esbuild/linux-mips64el,0.25.12,False,,True,False,True,False
node_modules/drizzle-kit/node_modules/@esbuild/linux-ppc64,@esbuild/linux-ppc64,0.25.12,False,,True,False,True,False
node_modules/drizzle-kit/node_modules/@esbuild/linux-riscv64,@esbuild/linux-riscv64,0.25.12,False,,True,False,True,False
node_modules/drizzle-kit/node_modules/@esbuild/linux-s390x,@esbuild/linux-s390x,0.25.12,False,,True,False,True,False
node_modules/drizzle-kit/node_modules/@esbuild/linux-x64,@esbuild/linux-x64,0.25.12,False,,True,False,True,False
node_modules/drizzle-kit/node_modules/@esbuild/netbsd-arm64,@esbuild/netbsd-arm64,0.25.12,False,,True,False,True,False
node_modules/drizzle-kit/node_modules/@esbuild/netbsd-x64,@esbuild/netbsd-x64,0.25.12,False,,True,False,True,False
node_modules/drizzle-kit/node_modules/@esbuild/openbsd-arm64,@esbuild/openbsd-arm64,0.25.12,False,,True,False,True,False
node_modules/drizzle-kit/node_modules/@esbuild/openbsd-x64,@esbuild/openbsd-x64,0.25.12,False,,True,False,True,False
node_modules/drizzle-kit/node_modules/@esbuild/openharmony-arm64,@esbuild/openharmony-arm64,0.25.12,False,,True,False,True,False
node_modules/drizzle-kit/node_modules/@esbuild/sunos-x64,@esbuild/sunos-x64,0.25.12,False,,True,False,True,False
node_modules/drizzle-kit/node_modules/@esbuild/win32-arm64,@esbuild/win32-arm64,0.25.12,False,,True,False,True,False
node_modules/drizzle-kit/node_modules/@esbuild/win32-ia32,@esbuild/win32-ia32,0.25.12,False,,True,False,True,False
node_modules/drizzle-kit/node_modules/@esbuild/win32-x64,@esbuild/win32-x64,0.25.12,False,,True,False,True,False
node_modules/drizzle-kit/node_modules/esbuild,esbuild,0.25.12,False,,True,False,False,True
node_modules/drizzle-orm,drizzle-orm,0.45.2,True,dependencies,False,False,False,False
node_modules/dunder-proto,dunder-proto,1.0.1,False,,True,False,False,False
node_modules/duplexer2,duplexer2,0.1.4,False,,False,False,False,False
node_modules/duplexer2/node_modules/isarray,isarray,1.0.0,False,,False,False,False,False
node_modules/duplexer2/node_modules/readable-stream,readable-stream,2.3.8,False,,False,False,False,False
node_modules/duplexer2/node_modules/safe-buffer,safe-buffer,5.1.2,False,,False,False,False,False
node_modules/duplexer2/node_modules/string_decoder,string_decoder,1.1.1,False,,False,False,False,False
node_modules/eciesjs,eciesjs,0.5.0,False,,True,False,False,False
node_modules/emoji-regex,emoji-regex,9.2.2,False,,True,False,False,False
node_modules/end-of-stream,end-of-stream,1.4.5,False,,False,False,False,False
node_modules/engine.io,engine.io,6.6.10,False,,False,False,False,False
node_modules/engine.io-parser,engine.io-parser,5.2.3,False,,False,False,False,False
node_modules/engine.io/node_modules/cookie,cookie,0.7.2,False,,False,False,False,False
node_modules/enhanced-resolve,enhanced-resolve,5.24.5,False,,True,False,False,False
node_modules/entities,entities,4.5.0,False,,False,False,False,False
node_modules/env-paths,env-paths,3.0.0,False,,False,False,False,False
node_modules/es-abstract,es-abstract,1.24.2,False,,True,False,False,False
node_modules/es-abstract-get,es-abstract-get,1.0.0,False,,True,False,False,False
node_modules/es-define-property,es-define-property,1.0.1,False,,True,False,False,False
node_modules/es-errors,es-errors,1.3.0,False,,True,False,False,False
node_modules/es-iterator-helpers,es-iterator-helpers,1.4.0,False,,True,False,False,False
node_modules/es-module-lexer,es-module-lexer,2.3.2,False,,True,False,False,False
node_modules/es-object-atoms,es-object-atoms,1.1.2,False,,True,False,False,False
node_modules/es-set-tostringtag,es-set-tostringtag,2.1.0,False,,True,False,False,False
node_modules/es-shim-unscopables,es-shim-unscopables,1.1.0,False,,True,False,False,False
node_modules/es-to-primitive,es-to-primitive,1.3.4,False,,True,False,False,False
node_modules/esbuild,esbuild,0.28.2,False,,False,False,False,True
node_modules/escape-string-regexp,escape-string-regexp,4.0.0,False,,True,False,False,False
node_modules/eslint,eslint,9.39.5,True,devDependencies,True,False,False,False
node_modules/eslint-config-next,eslint-config-next,15.5.25,True,devDependencies,True,False,False,False
node_modules/eslint-import-resolver-node,eslint-import-resolver-node,0.3.10,False,,True,False,False,False
node_modules/eslint-import-resolver-node/node_modules/debug,debug,3.2.7,False,,True,False,False,False
node_modules/eslint-import-resolver-typescript,eslint-import-resolver-typescript,3.10.1,False,,True,False,False,False
node_modules/eslint-module-utils,eslint-module-utils,2.14.0,False,,True,False,False,False
node_modules/eslint-module-utils/node_modules/debug,debug,3.2.7,False,,True,False,False,False
node_modules/eslint-plugin-import,eslint-plugin-import,2.32.0,False,,True,False,False,False
node_modules/eslint-plugin-import/node_modules/debug,debug,3.2.7,False,,True,False,False,False
node_modules/eslint-plugin-import/node_modules/semver,semver,6.3.1,False,,True,False,False,False
node_modules/eslint-plugin-jsx-a11y,eslint-plugin-jsx-a11y,6.10.2,False,,True,False,False,False
node_modules/eslint-plugin-react,eslint-plugin-react,7.37.5,False,,True,False,False,False
node_modules/eslint-plugin-react-hooks,eslint-plugin-react-hooks,5.2.0,False,,True,False,False,False
node_modules/eslint-plugin-react/node_modules/semver,semver,6.3.1,False,,True,False,False,False
node_modules/eslint-scope,eslint-scope,8.4.0,False,,True,False,False,False
node_modules/eslint-visitor-keys,eslint-visitor-keys,4.2.1,False,,True,False,False,False
node_modules/espree,espree,10.4.0,False,,True,False,False,False
node_modules/esquery,esquery,1.7.0,False,,True,False,False,False
node_modules/esrecurse,esrecurse,4.3.0,False,,True,False,False,False
node_modules/estraverse,estraverse,5.3.0,False,,True,False,False,False
node_modules/estree-walker,estree-walker,3.0.3,False,,True,False,False,False
node_modules/esutils,esutils,2.0.3,False,,True,False,False,False
node_modules/exceljs,exceljs,4.4.0,True,dependencies,False,False,False,False
node_modules/expect-type,expect-type,1.4.0,False,,True,False,False,False
node_modules/extenso,extenso,3.0.0,True,dependencies,False,False,False,False
node_modules/fast-csv,fast-csv,4.3.6,False,,False,False,False,False
node_modules/fast-deep-equal,fast-deep-equal,3.1.3,False,,False,False,False,False
node_modules/fast-glob,fast-glob,3.3.1,False,,True,False,False,False
node_modules/fast-glob/node_modules/glob-parent,glob-parent,5.1.2,False,,True,False,False,False
node_modules/fast-json-stable-stringify,fast-json-stable-stringify,2.1.0,False,,True,False,False,False
node_modules/fast-levenshtein,fast-levenshtein,2.0.6,False,,True,False,False,False
node_modules/fast-sha256,fast-sha256,1.3.0,False,,False,False,False,False
node_modules/fast-uri,fast-uri,3.1.7,False,,False,False,False,False
node_modules/fastq,fastq,1.20.3,False,,True,False,False,False
node_modules/file-entry-cache,file-entry-cache,8.0.0,False,,True,False,False,False
node_modules/fill-range,fill-range,7.1.1,False,,True,False,False,False
node_modules/find-up,find-up,5.0.0,False,,True,False,False,False
node_modules/flat-cache,flat-cache,4.0.1,False,,True,False,False,False
node_modules/flatted,flatted,3.4.4,False,,True,False,False,False
node_modules/for-each,for-each,0.3.5,False,,True,False,False,False
node_modules/fs-constants,fs-constants,1.0.0,False,,False,False,False,False
node_modules/fs.realpath,fs.realpath,1.0.0,False,,False,False,False,False
node_modules/fsevents,fsevents,2.3.3,False,,True,False,True,True
node_modules/fstream,fstream,1.0.12,False,,False,False,False,False
node_modules/function-bind,function-bind,1.1.2,False,,True,False,False,False
node_modules/function.prototype.name,function.prototype.name,1.2.0,False,,True,False,False,False
node_modules/functions-have-names,functions-have-names,1.2.3,False,,True,False,False,False
node_modules/generator-function,generator-function,2.0.1,False,,True,False,False,False
node_modules/get-intrinsic,get-intrinsic,1.3.0,False,,True,False,False,False
node_modules/get-proto,get-proto,1.0.1,False,,True,False,False,False
node_modules/get-symbol-description,get-symbol-description,1.1.0,False,,True,False,False,False
node_modules/get-tsconfig,get-tsconfig,4.14.3,False,,True,False,False,False
node_modules/glob,glob,13.0.6,False,,False,False,False,False
node_modules/glob-parent,glob-parent,6.0.2,False,,True,False,False,False
node_modules/glob/node_modules/balanced-match,balanced-match,4.0.4,False,,False,False,False,False
node_modules/glob/node_modules/brace-expansion,brace-expansion,5.0.9,False,,False,False,False,False
node_modules/glob/node_modules/minimatch,minimatch,10.2.6,False,,False,False,False,False
node_modules/globals,globals,14.0.0,False,,True,False,False,False
node_modules/globalthis,globalthis,1.0.4,False,,True,False,False,False
node_modules/gopd,gopd,1.2.0,False,,True,False,False,False
node_modules/graceful-fs,graceful-fs,4.2.11,False,,False,False,False,False
node_modules/has-bigints,has-bigints,1.1.0,False,,True,False,False,False
node_modules/has-flag,has-flag,4.0.0,False,,True,False,False,False
node_modules/has-property-descriptors,has-property-descriptors,1.0.2,False,,True,False,False,False
node_modules/has-proto,has-proto,1.2.0,False,,True,False,False,False
node_modules/has-symbols,has-symbols,1.1.0,False,,True,False,False,False
node_modules/has-tostringtag,has-tostringtag,1.0.2,False,,True,False,False,False
node_modules/hasown,hasown,2.0.4,False,,True,False,False,False
node_modules/html-to-text,html-to-text,9.0.5,False,,False,False,False,False
node_modules/html5parser,html5parser,3.0.0,False,,False,False,False,False
node_modules/htmlparser2,htmlparser2,8.0.2,False,,False,False,False,False
node_modules/iceberg-js,iceberg-js,0.8.1,False,,False,False,False,False
node_modules/idb,idb,8.0.3,True,dependencies,False,False,False,False
node_modules/idb-keyval,idb-keyval,6.3.0,False,,False,False,False,False
node_modules/ieee754,ieee754,1.2.1,False,,False,False,False,False
node_modules/ignore,ignore,5.3.2,False,,True,False,False,False
node_modules/immediate,immediate,3.0.6,False,,False,False,False,False
node_modules/import-fresh,import-fresh,3.3.1,False,,True,False,False,False
node_modules/imurmurhash,imurmurhash,0.1.4,False,,True,False,False,False
node_modules/inflight,inflight,1.0.6,False,,False,False,False,False
node_modules/inherits,inherits,2.0.4,False,,False,False,False,False
node_modules/internal-slot,internal-slot,1.1.0,False,,True,False,False,False
node_modules/is-array-buffer,is-array-buffer,3.0.5,False,,True,False,False,False
node_modules/is-async-function,is-async-function,2.1.1,False,,True,False,False,False
node_modules/is-bigint,is-bigint,1.1.0,False,,True,False,False,False
node_modules/is-boolean-object,is-boolean-object,1.2.2,False,,True,False,False,False
node_modules/is-bun-module,is-bun-module,2.0.0,False,,True,False,False,False
node_modules/is-callable,is-callable,1.2.7,False,,True,False,False,False
node_modules/is-core-module,is-core-module,2.16.2,False,,True,False,False,False
node_modules/is-data-view,is-data-view,1.0.2,False,,True,False,False,False
node_modules/is-date-object,is-date-object,1.1.0,False,,True,False,False,False
node_modules/is-document.all,is-document.all,1.0.0,False,,True,False,False,False
node_modules/is-extglob,is-extglob,2.1.1,False,,True,False,False,False
node_modules/is-finalizationregistry,is-finalizationregistry,1.1.1,False,,True,False,False,False
node_modules/is-generator-function,is-generator-function,1.1.2,False,,True,False,False,False
node_modules/is-glob,is-glob,4.0.3,False,,True,False,False,False
node_modules/is-map,is-map,2.0.3,False,,True,False,False,False
node_modules/is-negative-zero,is-negative-zero,2.0.3,False,,True,False,False,False
node_modules/is-number,is-number,7.0.0,False,,True,False,False,False
node_modules/is-number-object,is-number-object,1.1.1,False,,True,False,False,False
node_modules/is-regex,is-regex,1.2.1,False,,True,False,False,False
node_modules/is-set,is-set,2.0.3,False,,True,False,False,False
node_modules/is-shared-array-buffer,is-shared-array-buffer,1.0.4,False,,True,False,False,False
node_modules/is-string,is-string,1.1.1,False,,True,False,False,False
node_modules/is-symbol,is-symbol,1.1.1,False,,True,False,False,False
node_modules/is-typed-array,is-typed-array,1.1.15,False,,True,False,False,False
node_modules/is-unicode-supported,is-unicode-supported,2.1.0,False,,False,False,False,False
node_modules/is-url,is-url,1.2.4,False,,False,False,False,False
node_modules/is-weakmap,is-weakmap,2.0.2,False,,True,False,False,False
node_modules/is-weakref,is-weakref,1.1.1,False,,True,False,False,False
node_modules/is-weakset,is-weakset,2.0.4,False,,True,False,False,False
node_modules/isarray,isarray,2.0.5,False,,True,False,False,False
node_modules/isexe,isexe,2.0.0,False,,True,False,False,False
node_modules/iterator.prototype,iterator.prototype,1.1.5,False,,True,False,False,False
node_modules/jiti,jiti,2.7.0,False,,True,False,False,False
node_modules/jose,jose,6.2.12,False,,True,False,False,False
node_modules/js-tokens,js-tokens,4.0.0,False,,False,False,False,False
node_modules/js-yaml,js-yaml,4.3.2,False,,True,False,False,False
node_modules/jsesc,jsesc,3.1.0,False,,False,False,False,False
node_modules/json-buffer,json-buffer,3.0.1,False,,True,False,False,False
node_modules/json-schema-traverse,json-schema-traverse,0.4.1,False,,True,False,False,False
node_modules/json-schema-typed,json-schema-typed,8.0.2,False,,False,False,False,False
node_modules/json-stable-stringify-without-jsonify,json-stable-stringify-without-jsonify,1.0.1,False,,True,False,False,False
node_modules/json5,json5,1.0.2,False,,True,False,False,False
node_modules/jsx-ast-utils,jsx-ast-utils,3.3.5,False,,True,False,False,False
node_modules/jszip,jszip,3.10.1,False,,False,False,False,False
node_modules/jszip/node_modules/isarray,isarray,1.0.0,False,,False,False,False,False
node_modules/jszip/node_modules/readable-stream,readable-stream,2.3.8,False,,False,False,False,False
node_modules/jszip/node_modules/safe-buffer,safe-buffer,5.1.2,False,,False,False,False,False
node_modules/jszip/node_modules/string_decoder,string_decoder,1.1.1,False,,False,False,False,False
node_modules/keyv,keyv,4.5.4,False,,True,False,False,False
node_modules/kleur,kleur,3.0.3,False,,False,False,False,False
node_modules/language-subtag-registry,language-subtag-registry,0.3.23,False,,True,False,False,False
node_modules/language-tags,language-tags,1.0.9,False,,True,False,False,False
node_modules/lazystream,lazystream,1.0.1,False,,False,False,False,False
node_modules/lazystream/node_modules/isarray,isarray,1.0.0,False,,False,False,False,False
node_modules/lazystream/node_modules/readable-stream,readable-stream,2.3.8,False,,False,False,False,False
node_modules/lazystream/node_modules/safe-buffer,safe-buffer,5.1.2,False,,False,False,False,False
node_modules/lazystream/node_modules/string_decoder,string_decoder,1.1.1,False,,False,False,False,False
node_modules/leac,leac,0.6.0,False,,False,False,False,False
node_modules/levn,levn,0.4.1,False,,True,False,False,False
node_modules/lie,lie,3.3.0,False,,False,False,False,False
node_modules/lightningcss,lightningcss,1.32.0,False,,True,False,False,False
node_modules/lightningcss-android-arm64,lightningcss-android-arm64,1.32.0,False,,True,False,True,False
node_modules/lightningcss-darwin-arm64,lightningcss-darwin-arm64,1.32.0,False,,True,False,True,False
node_modules/lightningcss-darwin-x64,lightningcss-darwin-x64,1.32.0,False,,True,False,True,False
node_modules/lightningcss-freebsd-x64,lightningcss-freebsd-x64,1.32.0,False,,True,False,True,False
node_modules/lightningcss-linux-arm-gnueabihf,lightningcss-linux-arm-gnueabihf,1.32.0,False,,True,False,True,False
node_modules/lightningcss-linux-arm64-gnu,lightningcss-linux-arm64-gnu,1.32.0,False,,True,False,True,False
node_modules/lightningcss-linux-arm64-musl,lightningcss-linux-arm64-musl,1.32.0,False,,True,False,True,False
node_modules/lightningcss-linux-x64-gnu,lightningcss-linux-x64-gnu,1.32.0,False,,True,False,True,False
node_modules/lightningcss-linux-x64-musl,lightningcss-linux-x64-musl,1.32.0,False,,True,False,True,False
node_modules/lightningcss-win32-arm64-msvc,lightningcss-win32-arm64-msvc,1.32.0,False,,True,False,True,False
node_modules/lightningcss-win32-x64-msvc,lightningcss-win32-x64-msvc,1.32.0,False,,True,False,True,False
node_modules/listenercount,listenercount,1.0.1,False,,False,False,False,False
node_modules/locate-path,locate-path,6.0.0,False,,True,False,False,False
node_modules/lodash.defaults,lodash.defaults,4.2.0,False,,False,False,False,False
node_modules/lodash.difference,lodash.difference,4.5.0,False,,False,False,False,False
node_modules/lodash.escaperegexp,lodash.escaperegexp,4.1.2,False,,False,False,False,False
node_modules/lodash.flatten,lodash.flatten,4.4.0,False,,False,False,False,False
node_modules/lodash.groupby,lodash.groupby,4.6.0,False,,False,False,False,False
node_modules/lodash.isboolean,lodash.isboolean,3.0.3,False,,False,False,False,False
node_modules/lodash.isequal,lodash.isequal,4.5.0,False,,False,False,False,False
node_modules/lodash.isfunction,lodash.isfunction,3.0.9,False,,False,False,False,False
node_modules/lodash.isnil,lodash.isnil,4.0.0,False,,False,False,False,False
node_modules/lodash.isplainobject,lodash.isplainobject,4.0.6,False,,False,False,False,False
node_modules/lodash.isundefined,lodash.isundefined,3.0.1,False,,False,False,False,False
node_modules/lodash.merge,lodash.merge,4.6.2,False,,True,False,False,False
node_modules/lodash.union,lodash.union,4.6.0,False,,False,False,False,False
node_modules/lodash.uniq,lodash.uniq,4.5.0,False,,False,False,False,False
node_modules/log-symbols,log-symbols,7.0.1,False,,False,False,False,False
node_modules/loose-envify,loose-envify,1.4.0,False,,True,False,False,False
node_modules/lru-cache,lru-cache,11.5.2,False,,False,False,False,False
node_modules/magic-string,magic-string,0.30.21,False,,True,False,False,False
node_modules/marked,marked,15.0.12,False,,False,False,False,False
node_modules/math-intrinsics,math-intrinsics,1.1.0,False,,True,False,False,False
node_modules/mdn-data,mdn-data,2.27.1,False,,False,False,False,False
node_modules/merge2,merge2,1.4.1,False,,True,False,False,False
node_modules/micromatch,micromatch,4.0.8,False,,True,False,False,False
node_modules/mime-db,mime-db,1.54.0,False,,False,False,False,False
node_modules/mime-types,mime-types,3.0.2,False,,False,False,False,False
node_modules/mimic-function,mimic-function,5.0.1,False,,False,False,False,False
node_modules/minimatch,minimatch,3.1.5,False,,False,False,False,False
node_modules/minimist,minimist,1.2.8,False,,False,False,False,False
node_modules/minipass,minipass,7.1.3,False,,False,False,False,False
node_modules/mkdirp,mkdirp,0.5.6,False,,False,False,False,False
node_modules/ms,ms,2.1.3,False,,False,False,False,False
node_modules/nanoid,nanoid,3.3.18,False,,False,False,False,False
node_modules/napi-postinstall,napi-postinstall,0.3.4,False,,True,False,False,False
node_modules/natural-compare,natural-compare,1.4.0,False,,True,False,False,False
node_modules/negotiator,negotiator,0.6.3,False,,False,False,False,False
node_modules/next,next,15.5.25,True,dependencies,False,False,False,False
node_modules/next/node_modules/postcss,postcss,8.4.31,False,,False,False,False,False
node_modules/node-exports-info,node-exports-info,1.6.2,False,,True,False,False,False
node_modules/node-exports-info/node_modules/semver,semver,6.3.1,False,,True,False,False,False
node_modules/node-fetch,node-fetch,2.7.0,False,,False,False,False,False
node_modules/normalize-path,normalize-path,3.0.0,False,,False,False,False,False
node_modules/nypm,nypm,0.6.6,False,,False,False,False,False
node_modules/object-assign,object-assign,4.1.1,False,,False,False,False,False
node_modules/object-inspect,object-inspect,1.13.4,False,,True,False,False,False
node_modules/object-keys,object-keys,1.1.1,False,,True,False,False,False
node_modules/object.assign,object.assign,4.1.7,False,,True,False,False,False
node_modules/object.entries,object.entries,1.1.9,False,,True,False,False,False
node_modules/object.fromentries,object.fromentries,2.0.8,False,,True,False,False,False
node_modules/object.groupby,object.groupby,1.0.3,False,,True,False,False,False
node_modules/object.values,object.values,1.2.1,False,,True,False,False,False
node_modules/obug,obug,2.1.4,False,,True,False,False,False
node_modules/once,once,1.4.0,False,,False,False,False,False
node_modules/opencollective-postinstall,opencollective-postinstall,2.0.3,False,,False,False,False,False
node_modules/optionator,optionator,0.9.4,False,,True,False,False,False
node_modules/own-keys,own-keys,1.0.2,False,,True,False,False,False
node_modules/p-limit,p-limit,3.1.0,False,,True,False,False,False
node_modules/p-locate,p-locate,5.0.0,False,,True,False,False,False
node_modules/pako,pako,1.0.11,False,,False,False,False,False
node_modules/parent-module,parent-module,1.0.1,False,,True,False,False,False
node_modules/parseley,parseley,0.12.1,False,,False,False,False,False
node_modules/path-exists,path-exists,4.0.0,False,,True,False,False,False
node_modules/path-is-absolute,path-is-absolute,1.0.1,False,,False,False,False,False
node_modules/path-key,path-key,3.1.1,False,,True,False,False,False
node_modules/path-parse,path-parse,1.0.7,False,,True,False,False,False
node_modules/path-scurry,path-scurry,2.0.2,False,,False,False,False,False
node_modules/pathe,pathe,2.0.3,False,,False,False,False,False
node_modules/pdf-lib,pdf-lib,1.17.1,True,dependencies,False,False,False,False
node_modules/pdf-lib/node_modules/tslib,tslib,1.14.1,False,,False,False,False,False
node_modules/peberminta,peberminta,0.9.0,False,,False,False,False,False
node_modules/picocolors,picocolors,1.1.1,False,,False,False,False,False
node_modules/picomatch,picomatch,2.3.2,False,,True,False,False,False
node_modules/picospinner,picospinner,3.1.2,False,,False,False,False,False
node_modules/playwright,playwright,1.63.0,False,,False,True,False,False
node_modules/playwright-core,playwright-core,1.63.0,False,,False,True,False,False
node_modules/possible-typed-array-names,possible-typed-array-names,1.1.0,False,,True,False,False,False
node_modules/postal-mime,postal-mime,2.7.5,False,,False,False,False,False
node_modules/postcss,postcss,8.5.28,False,,True,False,False,False
node_modules/postgres,postgres,3.4.9,True,dependencies,False,False,False,False
node_modules/prelude-ls,prelude-ls,1.2.1,False,,True,False,False,False
node_modules/prettier,prettier,3.9.6,True,devDependencies,False,False,False,False
node_modules/prismjs,prismjs,1.30.0,False,,False,False,False,False
node_modules/process-nextick-args,process-nextick-args,2.0.1,False,,False,False,False,False
node_modules/prompts,prompts,2.4.2,False,,False,False,False,False
node_modules/prop-types,prop-types,15.8.1,False,,True,False,False,False
node_modules/punycode,punycode,2.3.1,False,,True,False,False,False
node_modules/queue-microtask,queue-microtask,1.2.3,False,,True,False,False,False
node_modules/react,react,19.1.0,True,dependencies,False,False,False,False
node_modules/react-dom,react-dom,19.1.0,True,dependencies,False,False,False,False
node_modules/react-email,react-email,6.9.3,True,dependencies,False,False,False,False
node_modules/react-email/node_modules/jiti,jiti,2.6.1,False,,False,False,False,False
node_modules/react-email/node_modules/json5,json5,2.2.3,False,,False,False,False,False
node_modules/react-email/node_modules/tsconfig-paths,tsconfig-paths,4.2.0,False,,False,False,False,False
node_modules/react-is,react-is,16.13.1,False,,True,False,False,False
node_modules/readable-stream,readable-stream,3.6.2,False,,False,False,False,False
node_modules/readdir-glob,readdir-glob,1.1.3,False,,False,False,False,False
node_modules/readdir-glob/node_modules/brace-expansion,brace-expansion,2.1.4,False,,False,False,False,False
node_modules/readdir-glob/node_modules/minimatch,minimatch,5.1.9,False,,False,False,False,False
node_modules/readdirp,readdirp,4.1.2,False,,False,False,False,False
node_modules/reflect.getprototypeof,reflect.getprototypeof,1.0.10,False,,True,False,False,False
node_modules/regenerator-runtime,regenerator-runtime,0.13.11,False,,False,False,False,False
node_modules/regexp.prototype.flags,regexp.prototype.flags,1.5.4,False,,True,False,False,False
node_modules/require-from-string,require-from-string,2.0.2,False,,False,False,False,False
node_modules/resend,resend,6.26.0,True,dependencies,False,False,False,False
node_modules/resolve,resolve,2.0.0-next.7,False,,True,False,False,False
node_modules/resolve-from,resolve-from,4.0.0,False,,True,False,False,False
node_modules/resolve-pkg-maps,resolve-pkg-maps,1.0.0,False,,True,False,False,False
node_modules/reusify,reusify,1.1.0,False,,True,False,False,False
node_modules/rimraf,rimraf,2.7.1,False,,False,False,False,False
node_modules/rimraf/node_modules/glob,glob,7.2.3,False,,False,False,False,False
node_modules/rolldown,rolldown,1.2.7,False,,True,False,False,False
node_modules/run-parallel,run-parallel,1.2.0,False,,True,False,False,False
node_modules/safe-array-concat,safe-array-concat,1.1.4,False,,True,False,False,False
node_modules/safe-buffer,safe-buffer,5.2.1,False,,False,False,False,False
node_modules/safe-push-apply,safe-push-apply,1.0.0,False,,True,False,False,False
node_modules/safe-regex-test,safe-regex-test,1.1.0,False,,True,False,False,False
node_modules/saxes,saxes,5.0.1,False,,False,False,False,False
node_modules/scheduler,scheduler,0.26.0,False,,False,False,False,False
node_modules/selderee,selderee,0.11.0,False,,False,False,False,False
node_modules/semver,semver,7.8.5,False,,False,False,False,False
node_modules/set-function-length,set-function-length,1.2.2,False,,True,False,False,False
node_modules/set-function-name,set-function-name,2.0.2,False,,True,False,False,False
node_modules/set-proto,set-proto,1.0.0,False,,True,False,False,False
node_modules/setimmediate,setimmediate,1.0.5,False,,False,False,False,False
node_modules/sharp,sharp,0.35.4,True,dependencies,False,False,False,False
node_modules/shebang-command,shebang-command,2.0.0,False,,True,False,False,False
node_modules/shebang-regex,shebang-regex,3.0.0,False,,True,False,False,False
node_modules/side-channel,side-channel,1.1.1,False,,True,False,False,False
node_modules/side-channel-list,side-channel-list,1.0.1,False,,True,False,False,False
node_modules/side-channel-map,side-channel-map,1.0.1,False,,True,False,False,False
node_modules/side-channel-weakmap,side-channel-weakmap,1.0.2,False,,True,False,False,False
node_modules/siginfo,siginfo,2.0.0,False,,True,False,False,False
node_modules/sisteransi,sisteransi,1.0.5,False,,False,False,False,False
node_modules/socket.io,socket.io,4.8.3,False,,False,False,False,False
node_modules/socket.io-adapter,socket.io-adapter,2.5.8,False,,False,False,False,False
node_modules/socket.io-parser,socket.io-parser,4.2.7,False,,False,False,False,False
node_modules/source-map,source-map,0.6.1,False,,True,False,False,False
node_modules/source-map-js,source-map-js,1.2.1,False,,False,False,False,False
node_modules/source-map-support,source-map-support,0.5.21,False,,True,False,False,False
node_modules/stable-hash,stable-hash,0.0.5,False,,True,False,False,False
node_modules/stackback,stackback,0.0.2,False,,True,False,False,False
node_modules/standardwebhooks,standardwebhooks,1.0.0,False,,False,False,False,False
node_modules/std-env,std-env,4.2.0,False,,True,False,False,False
node_modules/stop-iteration-iterator,stop-iteration-iterator,1.1.0,False,,True,False,False,False
node_modules/string.prototype.includes,string.prototype.includes,2.0.1,False,,True,False,False,False
node_modules/string.prototype.matchall,string.prototype.matchall,4.1.0,False,,True,False,False,False
node_modules/string.prototype.repeat,string.prototype.repeat,1.0.0,False,,True,False,False,False
node_modules/string.prototype.trim,string.prototype.trim,1.2.11,False,,True,False,False,False
node_modules/string.prototype.trimend,string.prototype.trimend,1.0.10,False,,True,False,False,False
node_modules/string.prototype.trimstart,string.prototype.trimstart,1.0.8,False,,True,False,False,False
node_modules/string_decoder,string_decoder,1.3.0,False,,False,False,False,False
node_modules/strip-bom,strip-bom,3.0.0,False,,False,False,False,False
node_modules/strip-json-comments,strip-json-comments,3.1.1,False,,True,False,False,False
node_modules/stubborn-fs,stubborn-fs,2.0.0,False,,False,False,False,False
node_modules/stubborn-utils,stubborn-utils,1.0.2,False,,False,False,False,False
node_modules/styled-jsx,styled-jsx,5.1.6,False,,False,False,False,False
node_modules/supabase,supabase,2.117.0,True,devDependencies,True,False,False,False
node_modules/supports-color,supports-color,7.2.0,False,,True,False,False,False
node_modules/supports-preserve-symlinks-flag,supports-preserve-symlinks-flag,1.0.0,False,,True,False,False,False
node_modules/tagged-tag,tagged-tag,1.0.0,False,,False,False,False,False
node_modules/tailwindcss,tailwindcss,4.3.3,True,devDependencies,False,False,False,False
node_modules/tapable,tapable,2.3.3,False,,True,False,False,False
node_modules/tar-stream,tar-stream,2.2.0,False,,False,False,False,False
node_modules/tesseract.js,tesseract.js,6.0.1,True,dependencies,False,False,False,True
node_modules/tesseract.js-core,tesseract.js-core,6.1.2,False,,False,False,False,False
node_modules/tinybench,tinybench,6.1.4,False,,True,False,False,False
node_modules/tinyexec,tinyexec,1.3.1,False,,False,False,False,False
node_modules/tinyglobby,tinyglobby,0.2.17,False,,True,False,False,False
node_modules/tinyglobby/node_modules/fdir,fdir,6.5.0,False,,True,False,False,False
node_modules/tinyglobby/node_modules/picomatch,picomatch,4.0.7,False,,True,False,False,False
node_modules/tmp,tmp,0.2.7,False,,False,False,False,False
node_modules/to-regex-range,to-regex-range,5.0.1,False,,True,False,False,False
node_modules/tr46,tr46,0.0.3,False,,False,False,False,False
node_modules/traverse,traverse,0.3.9,False,,False,False,False,False
node_modules/ts-api-utils,ts-api-utils,2.5.0,False,,True,False,False,False
node_modules/tsconfig-paths,tsconfig-paths,3.15.0,False,,True,False,False,False
node_modules/tslib,tslib,2.8.1,False,,False,False,False,False
node_modules/tsx,tsx,4.23.13,True,devDependencies,True,False,False,False
node_modules/type-check,type-check,0.4.0,False,,True,False,False,False
node_modules/type-fest,type-fest,5.9.0,False,,False,False,False,False
node_modules/typed-array-buffer,typed-array-buffer,1.0.3,False,,True,False,False,False
node_modules/typed-array-byte-length,typed-array-byte-length,1.0.3,False,,True,False,False,False
node_modules/typed-array-byte-offset,typed-array-byte-offset,1.0.4,False,,True,False,False,False
node_modules/typed-array-length,typed-array-length,1.0.8,False,,True,False,False,False
node_modules/typescript,typescript,5.9.3,True,devDependencies,True,False,False,False
node_modules/uint8array-extras,uint8array-extras,1.5.0,False,,False,False,False,False
node_modules/unbox-primitive,unbox-primitive,1.1.0,False,,True,False,False,False
node_modules/undici-types,undici-types,6.21.0,False,,False,False,False,False
node_modules/unrs-resolver,unrs-resolver,1.12.2,False,,True,False,False,True
node_modules/unzipper,unzipper,0.10.14,False,,False,False,False,False
node_modules/unzipper/node_modules/isarray,isarray,1.0.0,False,,False,False,False,False
node_modules/unzipper/node_modules/readable-stream,readable-stream,2.3.8,False,,False,False,False,False
node_modules/unzipper/node_modules/safe-buffer,safe-buffer,5.1.2,False,,False,False,False,False
node_modules/unzipper/node_modules/string_decoder,string_decoder,1.1.1,False,,False,False,False,False
node_modules/uri-js,uri-js,4.4.1,False,,True,False,False,False
node_modules/util-deprecate,util-deprecate,1.0.2,False,,False,False,False,False
node_modules/uuid,uuid,8.3.2,False,,False,False,False,False
node_modules/vary,vary,1.1.2,False,,False,False,False,False
node_modules/vite,vite,8.2.2,False,,True,False,False,False
node_modules/vite/node_modules/lightningcss,lightningcss,1.33.0,False,,True,False,False,False
node_modules/vite/node_modules/lightningcss-android-arm64,lightningcss-android-arm64,1.33.0,False,,True,False,True,False
node_modules/vite/node_modules/lightningcss-darwin-arm64,lightningcss-darwin-arm64,1.33.0,False,,True,False,True,False
node_modules/vite/node_modules/lightningcss-darwin-x64,lightningcss-darwin-x64,1.33.0,False,,True,False,True,False
node_modules/vite/node_modules/lightningcss-freebsd-x64,lightningcss-freebsd-x64,1.33.0,False,,True,False,True,False
node_modules/vite/node_modules/lightningcss-linux-arm-gnueabihf,lightningcss-linux-arm-gnueabihf,1.33.0,False,,True,False,True,False
node_modules/vite/node_modules/lightningcss-linux-arm64-gnu,lightningcss-linux-arm64-gnu,1.33.0,False,,True,False,True,False
node_modules/vite/node_modules/lightningcss-linux-arm64-musl,lightningcss-linux-arm64-musl,1.33.0,False,,True,False,True,False
node_modules/vite/node_modules/lightningcss-linux-x64-gnu,lightningcss-linux-x64-gnu,1.33.0,False,,True,False,True,False
node_modules/vite/node_modules/lightningcss-linux-x64-musl,lightningcss-linux-x64-musl,1.33.0,False,,True,False,True,False
node_modules/vite/node_modules/lightningcss-win32-arm64-msvc,lightningcss-win32-arm64-msvc,1.33.0,False,,True,False,True,False
node_modules/vite/node_modules/lightningcss-win32-x64-msvc,lightningcss-win32-x64-msvc,1.33.0,False,,True,False,True,False
node_modules/vite/node_modules/picomatch,picomatch,4.0.7,False,,True,False,False,False
node_modules/vitest,vitest,5.0.0,True,devDependencies,True,False,False,False
node_modules/vitest/node_modules/magic-string,magic-string,1.2.3,False,,True,False,False,False
node_modules/vitest/node_modules/picomatch,picomatch,4.0.7,False,,True,False,False,False
node_modules/vitest/node_modules/tinyexec,tinyexec,1.3.0,False,,True,False,False,False
node_modules/wasm-feature-detect,wasm-feature-detect,1.9.0,False,,False,False,False,False
node_modules/webidl-conversions,webidl-conversions,3.0.1,False,,False,False,False,False
node_modules/whatwg-url,whatwg-url,5.0.0,False,,False,False,False,False
node_modules/when-exit,when-exit,2.1.5,False,,False,False,False,False
node_modules/which,which,2.0.2,False,,True,False,False,False
node_modules/which-boxed-primitive,which-boxed-primitive,1.1.1,False,,True,False,False,False
node_modules/which-builtin-type,which-builtin-type,1.2.1,False,,True,False,False,False
node_modules/which-collection,which-collection,1.0.2,False,,True,False,False,False
node_modules/which-typed-array,which-typed-array,1.1.22,False,,True,False,False,False
node_modules/why-is-node-running,why-is-node-running,2.3.0,False,,True,False,False,False
node_modules/word-wrap,word-wrap,1.2.5,False,,True,False,False,False
node_modules/wrappy,wrappy,1.0.2,False,,False,False,False,False
node_modules/ws,ws,8.21.3,False,,False,False,False,False
node_modules/xmlchars,xmlchars,2.2.0,False,,False,False,False,False
node_modules/yocto-queue,yocto-queue,0.1.0,False,,True,False,False,False
node_modules/yoctocolors,yoctocolors,2.2.0,False,,False,False,False,False
node_modules/zip-stream,zip-stream,4.1.1,False,,False,False,False,False
node_modules/zip-stream/node_modules/archiver-utils,archiver-utils,3.0.4,False,,False,False,False,False
node_modules/zip-stream/node_modules/glob,glob,7.2.3,False,,False,False,False,False
node_modules/zlibjs,zlibjs,0.3.1,False,,False,False,False,False
node_modules/zod,zod,4.5.4,True,dependencies,False,False,False,False
